patient_id,age,gender,region,bmi,blood_pressure,cholesterol,glucose,disease_risk
P0001,54,Female,East,21.8,104.5,157.5,88.6,0
P0002,35,Male,,30.4,108.5,178.1,95.8,0
P0003,61,Male,North,24.4,109.1,352.3,112.0,1
P0004,63,,East,28.2,108.1,196.7,364.6,0
P0005,23,Male,East,,105.5,,86.2,0
P0006,32,,North,23.0,109.2,204.5,84.0,0
P0007,52,Female,East,22.1,128.7,111.0,,0
P0008,46,Female,East,24.2,254.9,174.2,106.1,0
P0009,,Female,,25.1,117.8,412.7,92.2,0
P0010,38,,West,20.7,110.1,181.7,80.5,0
P0011,62,Male,North,,116.2,,86.8,0
P0012,61,,South,22.4,123.5,225.0,85.0,0
P0013,51,Female,South,,128.0,179.2,82.5,0
P0014,66,Female,North,,123.1,215.4,85.7,0
P0015,57,Male,South,29.8,119.0,205.4,116.1,1
P0016,38,Female,West,22.7,105.8,132.1,84.8,0
P0017,55,Male,North,25.2,104.6,246.4,,0
P0018,37,,South,18.7,98.2,134.4,53.4,0
P0019,62,Male,West,23.0,112.0,206.6,,0
P0020,49,Male,South,24.7,104.3,199.9,89.6,0
P0021,47,Female,South,29.4,121.4,201.2,90.0,0
P0022,,Female,West,24.3,121.7,,91.4,0
P0023,67,Male,,29.7,116.5,229.0,,0
P0024,48,Female,North,26.1,117.8,146.5,,0
P0025,44,Female,North,29.4,107.1,189.8,106.3,0
P0026,45,Female,West,23.5,109.3,169.5,92.5,1
P0027,57,,North,32.7,117.4,,97.3,1
P0028,55,Male,South,22.6,223.6,202.1,79.0,0
P0029,56,Female,North,21.6,108.3,219.7,72.2,0
P0030,56,Male,South,20.1,122.3,178.1,91.0,0
P0031,80,Female,West,33.7,130.2,240.2,126.0,1
P0032,44,Male,South,26.6,221.0,189.7,94.8,1
P0033,43,Female,West,22.5,99.3,157.8,71.5,0
P0034,,Male,North,27.8,115.7,,95.3,0
P0035,59,Male,South,26.9,127.7,189.2,95.0,0
P0036,66,Female,West,31.7,128.4,188.1,112.2,1
P0037,48,Female,South,,129.2,,92.4,1
P0038,38,Male,North,22.5,121.6,186.3,51.2,0
P0039,38,Female,West,21.8,105.5,,92.9,0
P0040,59,Female,South,17.5,109.3,140.2,74.3,0
P0041,60,Male,South,28.2,125.3,211.7,80.2,1
P0042,58,Female,West,23.5,109.0,170.1,89.8,0
P0043,41,Male,North,26.1,123.3,194.4,96.3,1
P0044,53,Female,South,32.4,125.2,222.6,80.3,1
P0045,52,Male,North,,116.3,402.5,98.7,1
P0046,53,Male,South,22.7,120.4,149.5,,0
P0047,62,Female,North,25.0,134.7,244.1,95.0,1
P0048,53,,East,27.6,119.7,204.8,84.8,1
P0049,60,Female,North,22.5,115.5,181.3,79.8,0
P0050,51,Female,East,21.8,126.4,160.7,101.4,0
P0051,54,Female,North,27.9,127.4,181.6,77.6,0
P0052,59,Female,South,25.8,115.9,163.0,107.3,0
P0053,30,Female,South,16.0,100.8,191.9,77.0,0
P0054,46,Male,East,,111.0,,84.6,0
P0055,43,Male,South,28.9,118.9,221.1,,0
P0056,41,Male,South,25.0,99.6,173.3,88.4,0
P0057,46,Female,West,21.1,96.6,153.7,94.7,0
P0058,71,Male,East,24.5,113.9,190.0,79.6,1
P0059,38,Male,North,23.4,215.0,107.5,94.0,1
P0060,64,Female,West,27.3,115.9,197.7,98.1,0
P0061,26,Male,South,18.0,106.7,162.5,345.5,0
P0062,45,Male,North,20.8,108.4,205.1,263.3,0
P0063,52,Female,South,25.1,117.5,138.4,66.0,0
P0064,58,Female,North,24.1,106.0,226.2,,1
P0065,60,Male,North,26.5,115.5,220.8,114.9,1
P0066,61,Male,East,,120.3,226.0,106.7,0
P0067,45,Male,North,25.0,118.6,185.5,95.7,0
P0068,44,Female,West,27.5,108.4,217.8,89.7,0
P0069,62,Female,West,26.3,121.7,157.6,88.1,0
P0070,47,Male,East,24.3,133.2,207.4,87.1,0
P0071,32,Female,East,22.8,106.8,154.9,92.7,0
P0072,34,Male,East,20.3,99.4,128.5,301.4,0
P0073,37,Male,West,23.1,107.4,148.4,96.6,0
P0074,57,Female,South,28.8,244.6,,122.8,0
P0075,52,Male,North,23.7,113.3,166.5,90.3,0
P0076,60,Male,South,21.4,115.3,202.2,74.3,1
P0077,44,Male,South,22.0,97.5,132.1,71.6,0
P0078,,Female,North,24.8,106.9,131.4,101.5,0
P0079,59,Female,East,23.1,115.3,231.6,338.9,0
P0080,46,Female,North,25.5,112.5,213.5,102.2,1
P0081,56,Male,West,26.1,112.9,165.6,87.9,0
P0082,41,Male,North,26.7,111.6,186.5,101.8,1
P0083,45,Female,North,28.7,116.8,220.0,,1
P0084,45,Male,North,27.2,123.0,201.4,84.4,1
P0085,33,Female,North,19.9,104.1,,78.7,0
P0086,57,Female,North,21.2,118.0,,75.2,0
P0087,43,Male,North,23.4,106.4,163.4,,0
P0088,50,Female,North,22.4,118.1,187.8,88.3,1
P0089,,Male,North,20.4,117.1,188.1,96.5,1
P0090,56,Male,South,22.8,123.1,183.3,84.5,0
P0091,59,Female,South,22.8,122.8,181.8,,0
P0092,49,Male,South,55.0,117.2,187.4,85.6,0
P0093,44,Female,South,22.6,110.1,184.5,101.6,0
P0094,49,Female,North,28.1,119.3,163.7,88.6,0
P0095,26,Female,North,23.5,115.0,196.2,75.3,0
P0096,30,Female,North,31.7,107.5,158.6,96.5,0
P0097,31,Male,East,23.6,101.6,170.9,92.8,0
P0098,36,Male,West,22.3,109.6,170.1,106.2,0
P0099,56,Female,West,24.3,120.3,202.8,96.8,0
P0100,37,Female,South,24.2,102.4,122.0,96.4,0
P0101,45,Male,South,,112.8,212.3,99.9,0
P0102,68,Male,South,32.2,126.2,190.4,88.9,0
P0103,45,Male,East,20.8,89.9,216.1,75.2,0
P0104,60,Male,East,27.5,118.5,185.6,83.5,1
P0105,37,Female,West,24.1,108.3,,72.5,0
P0106,47,,West,18.4,107.2,,94.3,0
P0107,,Female,South,26.0,124.0,430.1,93.9,0
P0108,45,Female,East,28.2,229.3,225.5,95.1,0
P0109,62,Female,,21.6,109.1,194.2,59.9,0
P0110,26,Male,South,22.8,81.3,184.6,109.6,0
P0111,56,Male,West,18.3,107.4,187.5,75.7,0
P0112,53,Female,North,19.7,108.3,209.2,112.0,1
P0113,42,Female,West,27.3,109.4,168.7,368.5,0
P0114,30,Male,East,21.4,115.1,146.1,74.6,0
P0115,51,Female,North,20.2,119.2,166.9,60.9,0
P0116,43,Male,East,,112.8,187.9,94.4,1
P0117,53,Female,North,,110.6,182.4,76.7,0
P0118,50,Male,East,22.4,122.1,,76.5,0
P0119,72,Male,East,27.7,124.7,417.2,82.6,1
P0120,47,Female,East,19.8,102.4,154.6,,1
P0121,36,Male,West,20.1,90.8,155.2,92.9,0
P0122,53,Male,North,24.7,111.8,,114.0,1
P0123,,Male,North,,124.9,,86.9,1
P0124,69,Male,South,,145.6,215.1,102.7,1
P0125,62,Female,North,22.3,117.6,207.4,76.2,0
P0126,55,Male,South,27.5,111.9,158.5,91.5,0
P0127,70,Female,North,22.3,109.1,198.7,87.0,0
P0128,33,Female,South,29.5,117.7,,98.7,0
P0129,41,Male,South,19.6,91.6,171.0,97.0,1
P0130,37,Male,West,28.0,117.8,215.9,104.3,1
P0131,45,Female,North,21.5,117.8,247.5,376.4,0
P0132,31,Female,West,30.1,116.4,158.2,105.3,0
P0133,59,Female,South,26.5,117.4,168.6,94.8,0
P0134,47,Female,South,20.3,115.3,158.0,82.8,0
P0135,29,Male,South,21.1,106.1,217.7,75.4,0
P0136,36,Male,South,50.5,103.9,212.0,83.5,0
P0137,54,,,27.9,135.4,192.1,116.6,0
P0138,62,Male,South,24.4,115.5,197.4,97.4,1
P0139,78,Female,North,25.6,132.2,184.6,100.3,1
P0140,90,Male,South,28.7,110.2,243.3,,1
P0141,56,Female,East,24.8,128.4,182.7,122.3,0
P0142,36,Male,South,18.8,118.3,166.8,98.6,0
P0143,20,Male,West,19.7,100.5,182.6,72.0,0
P0144,54,Male,North,25.0,121.4,187.2,89.5,1
P0145,39,Male,West,27.7,118.3,180.1,89.9,0
P0146,44,Female,East,29.4,110.6,432.8,96.9,1
P0147,41,Male,West,26.3,117.8,208.4,83.1,0
P0148,48,Male,West,,106.9,234.8,96.8,1
P0149,,Male,North,27.4,116.7,218.2,,0
P0150,52,Male,South,21.8,123.3,209.8,,1
P0151,48,Female,North,23.4,121.8,181.2,76.4,0
P0152,36,,West,20.4,100.1,156.3,78.8,0
P0153,27,Female,East,18.5,95.1,186.7,75.6,0
P0154,43,Male,North,24.8,106.6,190.4,114.4,1
P0155,49,Female,,24.6,211.7,149.1,103.4,0
P0156,75,,North,27.7,116.9,199.0,111.0,1
P0157,52,Male,East,26.0,119.7,190.1,90.2,0
P0158,64,Female,East,25.5,127.1,184.8,91.9,0
P0159,43,Female,North,25.6,112.2,228.0,73.8,0
P0160,33,Female,East,23.0,116.5,190.8,96.0,0
P0161,36,Male,West,24.7,107.2,219.7,94.8,0
P0162,40,,North,21.0,106.3,,101.4,0
P0163,80,Female,South,,118.1,212.4,97.3,1
P0164,39,Male,North,25.8,120.9,158.1,,0
P0165,62,Female,East,22.3,110.1,194.2,93.7,1
P0166,37,Female,,23.5,112.4,180.8,98.6,0
P0167,63,Female,West,22.5,224.1,156.5,74.4,0
P0168,55,Female,West,22.4,105.2,174.8,300.1,0
P0169,48,Female,North,20.0,104.8,,86.3,0
P0170,49,Male,South,28.4,129.8,205.0,82.5,0
P0171,41,Male,East,,115.5,200.3,67.5,0
P0172,56,Female,East,26.2,109.0,178.7,92.7,1
P0173,44,Male,South,30.6,120.1,206.3,113.8,0
P0174,33,Male,North,22.5,105.7,171.7,106.2,0
P0175,32,Male,North,33.7,146.8,109.3,101.4,0
P0176,52,Female,West,23.3,219.3,175.6,,1
P0177,72,Female,South,26.0,120.1,234.6,96.9,1
P0178,52,Female,West,,126.6,141.4,101.5,1
P0179,48,Male,South,25.2,97.9,192.2,86.4,0
P0180,54,Male,West,27.1,118.9,239.3,88.7,0
P0181,68,Female,North,24.5,138.9,178.9,,0
P0182,53,Male,North,,119.3,198.3,73.2,1
P0183,44,Female,West,24.5,96.9,,105.8,0
P0184,65,Female,West,25.7,117.2,245.4,88.0,1
P0185,56,Male,South,21.1,127.1,186.6,79.7,1
P0186,72,Male,South,26.6,127.3,206.4,83.8,1
P0187,53,Male,South,23.7,107.4,228.1,88.8,1
P0188,33,Female,South,21.0,99.7,193.5,,0
P0189,31,Female,North,20.3,99.6,148.5,108.7,0
P0190,73,Male,West,34.5,133.9,,86.2,1
P0191,74,Female,,24.3,134.9,217.4,91.8,1
P0192,47,Male,East,18.8,118.4,163.2,72.7,0
P0193,45,Male,North,21.3,114.4,123.3,99.2,0
P0194,,Female,North,24.8,109.9,200.3,99.3,0
P0195,35,Male,East,,97.9,139.8,81.5,0
P0196,37,Male,South,25.3,115.5,227.8,90.6,0
P0197,59,Female,East,26.8,107.5,202.5,,0
P0198,44,Male,North,21.4,108.0,156.8,106.6,0
P0199,50,Female,West,25.2,117.9,170.7,98.8,0
P0200,48,Male,East,20.8,100.7,130.9,95.5,1
P0201,55,Male,,22.1,105.2,158.7,58.1,0
P0202,70,Male,North,11.8,118.6,,92.0,1
P0203,51,Male,South,,115.8,247.0,112.1,1
P0204,59,Male,South,28.2,130.2,219.5,112.9,1
P0205,21,Male,South,25.0,110.3,170.0,,0
P0206,49,Female,North,27.4,117.2,180.1,90.4,1
P0207,38,Male,North,,102.9,154.3,73.7,1
P0208,33,Male,,25.9,100.1,238.5,110.0,1
P0209,38,Male,North,17.2,100.0,168.2,84.8,0
P0210,45,Male,South,,118.4,248.4,83.6,0
P0211,63,Male,North,25.3,122.8,237.1,95.3,1
P0212,31,Female,North,25.2,89.6,130.2,57.2,0
P0213,50,Male,East,25.3,108.2,171.7,79.3,0
P0214,43,Female,South,20.2,119.5,161.3,86.2,0
P0215,45,Female,South,64.4,108.8,,94.7,0
P0216,64,Male,South,22.2,104.9,193.4,68.7,0
P0217,58,Male,East,52.1,140.1,360.8,90.4,1
P0218,69,Male,South,27.4,123.3,174.1,110.3,0
P0219,48,Female,East,19.1,113.0,188.1,68.3,0
P0220,40,Male,West,,111.1,195.3,87.8,0
P0221,47,Female,South,21.3,107.7,183.7,88.5,0
P0222,53,Female,West,22.9,107.8,192.4,111.1,1
P0223,52,Female,East,19.3,130.3,155.1,84.0,1
P0224,,Female,North,63.9,113.4,175.9,80.2,0
P0225,51,Female,South,21.2,119.7,200.3,98.6,0
P0226,53,Male,East,24.5,120.8,200.3,76.1,0
P0227,85,Male,West,21.6,115.5,222.9,93.0,1
P0228,76,Male,South,24.9,135.5,245.0,91.6,0
P0229,38,,North,27.1,104.9,211.6,90.0,0
P0230,46,Female,East,19.2,111.5,182.7,95.6,0
P0231,30,Female,North,22.3,91.1,141.9,91.9,0
P0232,42,Male,East,27.2,95.6,171.0,83.6,1
P0233,54,Female,,22.7,117.5,183.5,92.2,1
P0234,67,,East,22.8,111.9,204.7,111.1,0
P0235,40,Male,West,27.6,95.7,173.7,82.6,0
P0236,41,Female,East,22.5,114.7,155.4,89.4,0
P0237,20,Male,,26.4,124.7,140.4,85.0,0
P0238,48,Male,,,127.1,143.0,91.2,0
P0239,35,Female,West,22.1,105.1,170.9,66.5,0
P0240,43,,West,25.3,112.9,145.0,107.9,1
P0241,38,Male,North,,118.4,154.2,79.8,1
P0242,49,Male,East,64.6,126.8,181.4,106.6,0
P0243,25,Male,North,20.8,99.8,132.6,75.4,0
P0244,29,,West,23.1,106.4,185.7,,0
P0245,80,Female,East,25.3,128.4,229.1,112.8,1
P0246,32,Male,South,25.6,114.1,164.5,100.9,1
P0247,35,Male,North,19.7,104.3,162.4,86.2,0
P0248,76,Male,South,,126.1,,110.2,1
P0249,90,Female,East,27.6,143.5,197.2,99.2,1
P0250,34,Female,North,62.2,115.2,150.8,82.3,0
P0251,45,Female,North,56.2,119.9,224.1,86.0,0
P0252,55,Male,West,32.1,137.9,226.2,110.9,0
P0253,74,Male,East,28.7,122.9,225.7,92.2,1
P0254,36,Male,North,28.3,127.3,211.5,110.3,1
P0255,47,Female,North,24.1,118.2,131.8,86.8,0
P0256,61,Male,,18.7,143.3,227.0,,0
P0257,56,Female,East,17.8,100.6,196.0,95.2,0
P0258,45,Female,East,24.6,106.8,214.9,90.9,1
P0259,48,Male,South,21.8,115.5,195.8,84.9,0
P0260,31,Male,North,19.8,107.8,173.8,82.7,0
P0261,47,Male,North,23.6,130.4,178.8,100.8,0
P0262,,Male,East,26.0,108.3,199.0,84.2,1
P0263,53,Male,North,19.1,119.4,175.9,85.2,0
P0264,42,Female,North,22.0,120.3,205.9,87.6,0
P0265,57,Male,East,29.6,127.5,155.3,108.4,1
P0266,64,Male,West,20.9,108.0,,89.5,1
P0267,52,Female,East,27.1,130.1,251.0,116.2,1
P0268,55,Female,South,22.6,125.9,172.5,88.7,0
P0269,51,Male,South,26.0,121.5,185.1,90.3,1
P0270,50,Female,South,27.8,119.1,168.7,92.8,0
P0271,40,,South,26.1,114.4,194.7,75.3,0
P0272,54,Female,South,27.4,117.6,174.6,82.7,0
P0273,49,Female,South,19.9,116.4,433.2,80.4,0
P0274,79,Male,East,,128.9,,115.8,1
P0275,72,Female,West,22.1,112.8,180.2,93.1,0
P0276,55,Male,West,25.2,107.4,215.3,87.3,1
P0277,39,,,24.4,103.9,,,1
P0278,34,Female,South,24.9,111.3,209.8,107.3,1
P0279,67,Male,North,26.0,121.5,205.4,111.5,1
P0280,54,,South,21.2,115.3,278.7,78.8,0
P0281,57,Female,North,19.6,117.7,217.3,82.1,0
P0282,26,,North,25.9,101.6,185.7,109.8,1
P0283,63,Male,East,,133.0,173.6,97.8,0
P0284,56,Female,,28.3,243.6,194.9,93.3,1
P0285,34,Female,West,23.0,103.9,218.0,95.5,0
P0286,,Male,North,18.7,111.9,226.1,96.4,0
P0287,54,Male,North,27.6,101.9,236.9,88.5,0
P0288,51,Male,South,22.8,106.4,209.9,92.6,0
P0289,46,Female,North,25.0,122.4,152.4,102.3,0
P0290,49,Male,,21.7,96.4,199.1,74.6,0
P0291,46,,West,29.6,127.3,158.3,95.9,1
P0292,52,Male,North,21.0,126.1,144.8,75.1,0
P0293,,Female,North,23.9,118.1,207.9,83.3,1
P0294,18,Male,East,22.8,104.6,182.8,,0
P0295,47,Male,South,,120.0,207.5,92.2,1
P0296,52,Female,East,25.3,111.7,205.4,88.8,0
P0297,54,Male,South,29.8,128.1,213.1,89.9,0
P0298,45,Female,West,,104.8,155.9,88.7,0
P0299,25,Female,North,24.1,101.3,171.0,72.4,0
P0300,55,Female,,16.0,102.4,140.0,89.1,0
P0301,74,Female,East,25.1,126.5,148.4,110.4,1
P0302,29,Male,West,21.9,115.6,194.4,83.7,0
P0303,62,Female,South,21.7,114.9,172.2,88.7,0
P0304,45,Female,East,27.5,103.8,214.5,98.0,0
P0305,49,Male,North,22.8,103.2,217.8,395.0,0
P0306,35,Male,,22.6,111.4,160.8,251.2,0
P0307,,Female,North,22.4,127.8,200.4,125.7,1
P0308,68,Male,East,18.2,119.4,174.1,87.3,0
P0309,58,Female,North,,110.7,,87.6,0
P0310,,Female,East,28.6,133.1,,109.3,1
P0311,66,Female,North,,112.4,177.3,107.4,0
P0312,56,Male,West,21.6,111.0,177.2,101.5,0
P0313,74,Male,West,,113.8,258.3,69.7,0
P0314,56,Male,North,30.4,134.1,157.4,105.4,0
P0315,62,Male,North,58.6,222.3,210.7,127.6,1
P0316,46,Female,North,21.8,118.3,156.0,95.5,0
P0317,,Female,West,,114.1,220.4,82.0,0
P0318,40,Male,North,20.9,104.5,187.4,89.3,0
P0319,64,Male,South,,137.7,212.9,82.7,1
P0320,34,Female,South,,97.7,,97.0,0
P0321,61,Male,East,28.3,115.4,179.1,86.0,0
P0322,47,Female,South,22.4,110.7,211.1,89.7,1
P0323,66,,South,21.2,121.3,244.6,81.1,1
P0324,61,Female,West,23.8,113.9,208.6,,1
P0325,75,Male,North,26.2,110.6,181.3,116.1,0
P0326,60,Female,West,22.8,108.9,,93.0,0
P0327,28,Male,North,24.8,118.7,244.6,80.7,1
P0328,49,Female,South,21.9,112.9,188.6,75.0,0
P0329,34,Male,West,25.4,113.8,221.8,66.7,0
P0330,43,Male,,25.2,110.4,165.3,,0
P0331,71,,East,24.8,116.3,201.2,97.4,1
P0332,59,Male,,22.9,131.6,210.2,391.5,1
P0333,40,Male,South,24.0,109.0,194.0,,0
P0334,36,Male,South,25.2,106.3,160.4,108.3,0
P0335,50,Male,South,31.2,129.8,174.8,89.6,1
P0336,33,Male,South,26.4,103.7,209.2,87.2,0
P0337,41,Female,South,27.0,108.1,220.3,79.2,0
P0338,54,Male,South,35.0,124.5,246.8,114.7,0
P0339,66,Female,North,26.6,121.9,371.3,122.0,1
P0340,59,Female,,,121.4,200.5,73.8,0
P0341,18,Male,North,24.9,122.5,161.9,81.3,0
P0342,54,Female,West,20.7,116.0,,103.6,0
P0343,51,Female,East,22.5,91.9,,,0
P0344,56,Female,North,22.5,118.1,163.1,97.5,1
P0345,73,Male,East,27.4,125.3,177.8,113.7,1
P0346,21,Male,West,21.9,102.8,182.7,84.1,1
P0347,42,,North,24.1,113.7,,96.1,0
P0348,58,Female,North,28.2,120.1,197.9,117.9,0
P0349,28,Female,North,25.9,107.6,207.9,111.9,0
P0350,71,Female,North,24.5,127.5,223.2,94.9,1
P0351,55,Male,East,21.9,109.4,226.5,83.5,0
P0352,62,Female,West,28.6,113.5,147.4,86.9,0
P0353,,Male,North,26.3,140.5,193.9,103.4,1
P0354,61,Female,,18.9,107.5,208.8,71.7,0
P0355,65,Male,North,23.7,120.1,154.6,,0
P0356,53,Female,East,24.7,102.4,,93.6,1
P0357,53,Female,East,,118.6,170.5,88.4,0
P0358,54,Male,South,27.4,255.5,195.9,,0
P0359,38,Male,,24.4,106.3,227.7,119.8,1
P0360,48,Female,East,25.9,124.5,246.6,91.1,1
P0361,48,Male,West,24.1,117.8,164.9,85.5,0
P0362,55,Female,,21.9,228.4,204.0,394.6,0
P0363,64,Female,North,23.8,103.0,212.6,,0
P0364,35,Female,North,23.3,124.9,,104.6,0
P0365,48,Male,East,23.8,102.6,198.5,92.4,0
P0366,71,Male,East,18.5,130.9,203.2,86.7,0
P0367,40,Male,East,22.1,230.3,227.8,,0
P0368,38,Female,East,,114.9,212.0,68.8,0
P0369,53,Male,West,23.2,106.9,159.9,68.7,1
P0370,62,Male,West,23.7,119.6,218.0,97.7,0
P0371,50,Male,North,25.7,111.3,215.8,76.4,0
P0372,69,Female,East,21.2,118.9,205.6,107.0,1
P0373,62,Male,North,,112.1,221.6,,0
P0374,62,Female,South,23.4,99.6,200.5,89.9,0
P0375,58,Female,West,27.1,129.6,202.9,85.5,1
P0376,83,Female,East,31.6,131.1,221.1,112.6,1
P0377,47,Female,West,26.6,110.9,133.6,378.5,1
P0378,22,Female,South,17.5,94.1,161.9,67.0,0
P0379,72,Female,South,24.3,125.4,,109.9,1
P0380,44,Male,South,24.6,104.5,,94.7,1
P0381,52,Female,North,24.7,95.2,231.0,89.3,1
P0382,68,,North,26.8,126.4,217.1,105.1,1
P0383,28,Female,South,,107.7,169.6,82.4,0
P0384,32,Female,North,23.3,105.6,161.4,,0
P0385,28,Female,West,24.4,96.5,184.3,77.2,0
P0386,39,Female,North,26.3,113.0,212.8,116.0,1
P0387,56,Male,North,21.5,101.1,166.2,82.7,1
P0388,57,Male,East,23.1,106.7,191.8,110.2,1
P0389,54,,North,16.0,102.4,439.6,81.5,0
P0390,,Male,West,20.8,112.3,118.8,93.5,1
P0391,18,Male,,20.6,97.0,163.9,90.0,0
P0392,51,Male,North,20.5,107.7,173.2,101.4,0
P0393,43,Male,East,24.2,129.5,181.1,79.7,0
P0394,,Female,East,24.1,119.6,178.5,105.2,0
P0395,60,Male,East,16.6,114.8,,,1
P0396,52,Female,West,24.9,112.3,244.9,89.1,1
P0397,61,Female,East,21.3,110.5,,90.9,0
P0398,53,Male,East,25.8,97.1,201.0,87.2,0
P0399,57,Male,,19.9,122.1,243.9,84.1,0
P0400,40,Male,East,23.6,114.4,166.9,109.1,0
P0401,47,Female,West,22.9,110.6,236.4,77.2,0
P0402,53,Male,East,25.2,115.0,192.2,81.5,1
P0403,61,Male,East,25.0,125.5,246.5,113.5,1
P0404,44,Female,South,,97.2,204.8,96.1,1
P0405,57,Female,East,19.0,107.3,195.6,112.8,1
P0406,46,Male,West,,98.3,367.2,79.4,1
P0407,48,Male,North,21.9,127.7,167.6,90.0,0
P0408,62,Male,North,24.6,126.7,198.8,86.0,0
P0409,22,Male,South,20.5,81.8,192.9,83.6,0
P0410,32,Male,South,25.3,95.3,179.2,67.4,0
P0411,29,Female,East,22.0,104.0,164.9,93.0,0
P0412,18,Female,North,19.0,94.8,156.6,83.5,0
P0413,41,Female,South,22.6,98.0,209.5,87.1,0
P0414,60,Female,East,25.3,136.2,230.7,89.6,1
P0415,46,Male,East,24.9,116.4,168.8,80.4,0
P0416,53,Female,,30.7,124.9,179.9,107.1,0
P0417,,Female,East,22.4,111.9,206.5,390.6,0
P0418,69,Female,East,24.7,127.9,,101.6,1
P0419,49,Female,East,25.4,111.6,96.0,117.1,1
P0420,69,Male,East,24.9,119.0,166.2,113.5,1
P0421,51,Male,South,22.3,118.7,180.0,71.4,0
P0422,38,Male,East,18.0,90.5,148.3,76.1,0
P0423,42,Male,North,,124.0,173.9,367.6,1
P0424,29,Female,North,19.2,104.6,215.4,81.1,0
P0425,38,Male,South,17.4,116.2,133.8,65.2,0
P0426,45,Female,West,21.0,100.3,136.8,91.6,0
P0427,61,Female,East,20.9,107.2,168.5,90.0,0
P0428,74,Male,North,27.2,114.7,215.1,122.0,0
P0429,31,Male,East,25.2,110.7,196.2,85.3,1
P0430,55,Female,North,21.1,114.2,200.6,103.1,0
P0431,35,Female,East,22.3,103.4,,292.0,1
P0432,57,Male,,17.8,102.6,,73.9,0
P0433,48,Male,East,22.2,100.6,,97.4,0
P0434,24,Female,East,,104.7,164.6,98.9,1
P0435,63,Male,South,27.5,117.4,221.3,85.6,1
P0436,42,Female,South,21.1,102.9,143.5,86.8,0
P0437,43,Male,West,27.3,128.3,188.7,76.4,1
P0438,35,Male,East,17.9,103.4,179.1,79.8,0
P0439,41,Male,,19.2,118.6,210.0,94.4,1
P0440,56,Male,South,26.8,113.7,82.3,89.8,0
P0441,47,Male,North,29.7,119.9,194.7,93.1,0
P0442,55,Male,,26.0,117.0,163.8,80.4,0
P0443,55,Female,North,24.1,100.8,206.1,84.3,1
P0444,68,Male,South,17.2,127.9,213.2,369.8,0
P0445,,Male,West,16.7,105.4,213.0,83.5,0
P0446,29,Male,,,113.1,160.5,74.2,0
P0447,65,Male,North,23.5,112.3,223.2,89.7,1
P0448,45,Female,North,19.9,107.7,219.0,66.7,0
P0449,66,Male,South,25.0,112.8,,83.1,0
P0450,55,Female,,24.7,127.6,209.7,109.0,0
P0451,48,Male,South,,118.9,218.3,92.1,0
P0452,55,Female,East,24.7,119.8,185.4,115.4,0
P0453,77,Male,West,29.6,140.4,422.3,100.9,1
P0454,79,Female,North,25.5,135.9,234.4,97.8,1
P0455,51,Male,East,23.6,121.2,155.4,98.5,0
P0456,52,Male,West,27.8,105.2,189.6,63.2,0
P0457,65,Female,South,21.3,111.0,193.5,93.8,0
P0458,38,Female,North,33.3,108.4,212.7,97.3,0
P0459,55,Female,West,25.6,123.7,176.1,111.4,0
P0460,50,Male,West,25.3,116.8,171.2,103.9,0
P0461,54,Female,South,26.0,104.7,413.6,80.2,0
P0462,38,Female,East,30.0,113.1,216.9,109.5,0
P0463,28,Female,North,25.7,94.4,241.7,85.1,0
P0464,21,Male,West,16.9,97.9,120.7,67.3,0
P0465,34,Female,South,28.1,97.0,193.0,94.3,0
P0466,44,Female,North,22.5,115.7,,85.9,0
P0467,46,Female,East,24.2,116.3,215.1,108.8,0
P0468,77,Male,West,20.9,138.3,175.0,97.4,0
P0469,65,Male,West,26.6,129.2,182.0,99.1,0
P0470,,Female,North,21.1,103.5,161.0,96.3,0
P0471,55,Male,North,24.6,123.8,190.4,105.7,1
P0472,44,Female,West,22.7,98.5,192.7,97.9,0
P0473,46,Male,West,30.5,109.4,207.8,113.8,1
P0474,53,Male,South,,123.9,198.9,106.0,0
P0475,59,,East,24.6,98.4,157.7,95.4,0
P0476,45,Male,South,24.0,112.1,206.1,104.8,0
P0477,65,Male,South,23.4,109.8,195.6,92.4,1
P0478,34,Female,North,27.1,112.0,215.4,91.3,0
P0479,50,Female,North,22.8,103.6,167.6,110.5,1
P0480,86,Female,North,24.3,130.9,165.9,118.0,1
P0481,53,Male,West,27.6,118.3,193.9,95.1,1
P0482,70,Male,North,23.1,225.3,,88.7,1
P0483,51,Female,North,,114.5,193.8,108.7,0
P0484,58,Male,South,,106.0,181.8,97.1,0
P0485,49,Male,North,26.4,113.6,166.7,97.0,1
P0486,48,Male,North,30.7,106.8,244.8,93.4,0
P0487,39,Female,East,26.0,115.6,155.7,94.8,0
P0488,56,Female,South,29.4,125.9,178.6,97.4,0
P0489,38,Female,East,20.4,129.4,193.3,77.1,0
P0490,59,Female,West,,112.8,143.8,,0
P0491,,Male,North,21.4,115.0,230.4,94.6,1
P0492,,Male,West,23.5,110.3,208.6,86.9,1
P0493,46,,West,26.5,116.7,214.6,103.5,1
P0494,56,Male,,24.7,120.3,208.8,108.3,0
P0495,46,Male,East,18.9,108.2,175.7,,0
P0496,63,Male,East,20.0,125.4,,86.3,0
P0497,24,Male,East,17.9,94.6,161.9,88.7,1
P0498,45,Female,East,25.5,122.5,,92.4,0
P0499,22,Female,North,29.8,113.9,192.6,76.4,0
P0500,29,,West,27.7,243.9,203.3,98.6,0
P0501,69,Male,East,18.3,113.5,234.7,90.9,0
P0502,63,Female,East,29.6,145.1,213.8,130.3,1
P0503,,,South,26.8,105.6,212.0,109.3,1
P0504,29,Female,North,17.5,104.4,160.1,88.9,0
P0505,18,Male,South,63.8,94.1,153.0,84.9,0
P0506,42,Female,South,27.4,130.2,201.4,,0
P0507,84,Male,South,27.6,137.0,202.7,89.4,0
P0508,56,Male,South,19.7,106.8,194.8,67.1,0
P0509,42,Male,North,,117.4,156.4,,0
P0510,57,Male,South,16.9,244.9,159.8,84.7,1
P0511,28,Male,South,22.1,100.3,,59.5,0
P0512,46,Male,West,27.8,122.6,215.8,87.5,0
P0513,51,Female,North,24.1,118.1,161.9,88.3,0
P0514,49,Male,South,53.0,114.4,204.8,86.4,0
P0515,61,Male,,59.1,120.6,,88.9,1
P0516,55,Male,South,27.7,122.8,196.7,91.6,0
P0517,59,Male,South,29.0,123.4,239.9,118.5,1
P0518,40,Male,East,26.6,113.3,208.5,99.5,0
P0519,63,,West,28.4,116.5,224.2,91.3,0
P0520,73,Male,North,27.7,140.5,260.5,,0
P0521,36,Female,East,24.2,100.0,161.0,88.1,0
P0522,38,Female,North,23.7,113.6,153.7,79.1,0
P0523,69,Male,North,24.1,118.1,,85.7,0
P0524,47,Female,South,19.6,209.4,174.6,98.1,0
P0525,70,Female,North,21.7,111.2,132.1,87.6,0
P0526,44,Female,East,22.7,104.5,177.8,75.4,0
P0527,70,Female,East,25.8,113.9,187.8,96.3,0
P0528,52,Female,East,29.1,121.9,218.1,98.0,1
P0529,54,Female,,24.1,103.3,201.1,68.2,0
P0530,72,Female,East,28.6,121.3,,99.5,1
P0531,45,Male,South,27.5,95.9,206.6,103.9,0
P0532,37,,,22.5,110.6,199.5,92.4,0
P0533,44,Male,North,25.8,109.0,165.8,118.3,1
P0534,,Male,East,23.4,102.5,177.9,106.7,0
P0535,28,Male,,27.5,119.1,117.5,107.5,0
P0536,59,Male,North,26.7,107.7,166.9,,0
P0537,42,Female,East,19.4,114.9,157.7,93.9,0
P0538,66,Female,East,25.4,114.6,202.1,97.5,0
P0539,18,Female,West,28.2,120.7,148.1,348.4,0
P0540,39,Male,South,22.8,116.1,166.4,80.9,0
P0541,26,Male,East,24.4,97.0,140.5,87.9,1
P0542,38,Female,East,25.3,102.8,188.0,82.1,0
P0543,53,Female,West,20.5,117.9,198.3,92.9,0
P0544,,Female,North,25.6,112.1,,,0
P0545,46,Female,West,18.9,107.2,,76.9,0
P0546,48,Female,North,21.7,123.1,141.7,93.3,0
P0547,53,Male,West,27.9,111.6,177.9,285.1,1
P0548,36,,North,24.5,110.6,169.7,65.6,0
P0549,,Male,North,23.4,125.8,182.8,75.0,0
P0550,59,Female,North,,126.2,198.7,81.0,1
P0551,55,Female,South,24.0,114.5,,,1
P0552,58,Male,South,24.4,114.8,216.9,98.0,0
P0553,54,,North,26.5,101.9,166.5,96.9,0
P0554,78,Male,South,22.9,113.6,223.2,108.2,0
P0555,49,Male,South,24.1,116.8,206.2,99.9,1
P0556,46,Male,East,22.7,110.5,162.3,253.8,0
P0557,39,,West,17.9,106.1,198.6,90.0,0
P0558,36,Female,East,20.1,115.5,171.2,364.5,0
P0559,33,Male,North,,101.3,144.7,105.4,0
P0560,38,Female,North,24.7,108.5,,,0
P0561,49,Female,West,19.3,111.8,188.7,,0
P0562,55,Male,North,18.9,256.0,179.3,,0
P0563,51,Male,South,23.7,127.2,,62.7,1
P0564,39,Female,West,28.9,122.5,168.0,,0
P0565,63,,West,24.0,121.4,213.7,89.9,1
P0566,60,Female,South,29.1,137.9,199.7,111.9,1
P0567,48,Male,East,25.1,100.9,193.6,110.6,0
P0568,41,Female,South,64.7,111.9,,,0
P0569,58,Female,East,62.8,116.9,156.1,105.3,0
P0570,53,Male,North,27.4,109.8,169.7,81.0,1
P0571,30,Male,North,21.8,108.2,358.0,,0
P0572,49,Female,East,27.0,106.3,207.6,313.1,1
P0573,54,Male,North,21.4,119.7,154.1,85.3,0
P0574,37,,East,24.0,119.1,184.7,69.7,0
P0575,,Male,South,25.4,118.8,202.6,100.8,0
P0576,30,Male,West,22.5,89.3,191.8,93.6,0
P0577,,Female,West,,114.0,169.3,374.2,1
P0578,67,,South,23.9,125.2,197.1,89.1,0
P0579,46,Male,,21.5,111.0,230.2,87.3,1
P0580,55,Female,North,29.9,96.4,246.8,346.8,1
P0581,18,Male,South,26.1,115.8,199.7,106.9,0
P0582,34,Male,North,20.5,107.1,184.5,50.3,0
P0583,46,Female,West,25.8,106.9,160.4,80.5,1
P0584,35,Female,West,20.7,115.2,195.9,84.7,0
P0585,60,,,20.4,108.7,186.0,76.3,0
P0586,78,Male,West,29.0,121.8,227.3,98.5,1
P0587,34,Male,West,17.2,106.4,153.4,79.5,0
P0588,38,Female,North,63.9,128.1,179.9,83.4,0
P0589,53,Male,West,23.3,129.3,194.3,91.6,1
P0590,73,Male,East,55.6,125.8,210.0,103.5,1
P0591,33,Female,South,24.6,112.9,193.1,85.3,0
P0592,53,Male,East,,124.1,177.0,88.3,1
P0593,75,Male,South,22.4,110.3,164.2,92.4,0
P0594,27,Male,North,,113.0,222.1,87.7,0
P0595,32,Male,North,23.5,100.9,247.1,66.0,1
P0596,44,,North,19.3,111.2,192.1,90.6,0
P0597,43,Female,South,23.1,108.9,146.4,83.2,0
P0598,,Female,West,29.4,126.9,180.2,113.7,1
P0599,53,Female,East,30.0,121.1,212.1,104.7,0
P0600,25,Female,South,25.3,78.8,212.9,101.3,0
P0601,57,Male,South,20.2,115.2,154.5,76.5,0
P0602,42,Male,South,,118.2,182.1,86.3,0
P0603,68,Female,North,27.9,127.6,209.7,83.6,1
P0604,41,Male,West,26.1,111.8,210.1,82.8,0
P0605,41,Female,North,26.3,127.7,176.5,,1
P0606,58,Female,,25.7,121.1,151.8,112.1,0
P0607,61,Male,East,24.3,122.2,213.1,79.7,0
P0608,56,Male,East,22.2,124.2,221.7,84.9,1
P0609,26,Male,West,16.2,102.8,162.7,77.4,0
P0610,58,Male,,25.6,110.2,206.9,101.2,0
P0611,36,Male,West,24.0,87.3,167.1,67.0,0
P0612,53,Male,East,26.1,112.6,169.4,74.5,0
P0613,30,Female,East,18.3,109.5,198.7,87.2,0
P0614,56,Female,,26.6,115.2,206.3,71.4,1
P0615,39,,West,,122.9,203.9,90.1,1
P0616,32,Male,West,,108.7,219.3,88.7,0
P0617,60,,South,24.3,129.5,165.6,98.3,1
P0618,53,Male,West,25.2,113.6,176.6,,0
P0619,41,Male,East,62.0,120.6,195.8,91.5,1
P0620,70,Female,South,21.4,123.7,181.9,102.6,1
P0621,44,Male,West,24.4,125.9,207.6,93.6,0
P0622,50,Male,South,21.2,96.6,180.2,80.4,1
P0623,54,Female,East,22.3,110.1,161.4,90.5,0
P0624,41,Male,North,11.6,118.2,,93.2,0
P0625,57,Male,,29.1,134.6,203.8,118.1,0
P0626,43,Male,West,30.0,118.7,217.9,105.0,0
P0627,44,Female,South,25.3,110.5,197.7,105.6,1
P0628,69,Female,South,23.6,127.4,212.7,87.1,1
P0629,35,Male,North,,123.1,198.3,89.7,1
P0630,18,Female,South,20.9,97.3,,78.7,0
P0631,73,Female,West,58.9,124.5,181.5,93.0,0
P0632,86,Female,West,,133.9,213.2,81.7,1
P0633,44,Male,North,28.6,132.8,181.4,109.6,1
P0634,23,Male,East,26.0,113.1,222.4,98.2,0
P0635,46,Female,South,32.3,119.8,233.9,94.8,1
P0636,46,Male,East,18.9,108.3,198.0,92.8,0
P0637,47,Female,South,,122.1,203.5,98.0,0
P0638,34,Female,South,23.4,107.1,,95.9,0
P0639,58,Male,,27.2,121.3,162.2,79.7,0
P0640,57,Female,East,18.6,102.8,180.4,85.2,0
P0641,29,Female,South,28.1,121.8,,90.2,0
P0642,60,Female,South,27.3,110.0,,103.7,0
P0643,79,Male,West,25.3,121.5,220.9,,1
P0644,52,Female,East,26.4,117.7,218.6,63.8,0
P0645,45,Female,South,21.1,128.0,162.9,74.1,0
P0646,,Female,West,21.9,108.0,,87.7,0
P0647,59,Female,West,22.8,110.4,233.4,92.4,0
P0648,26,Female,,16.3,94.7,186.8,98.7,0
P0649,,Male,East,27.1,132.3,182.8,,1
P0650,45,Male,North,27.9,90.3,187.5,94.9,0
P0651,,Male,East,22.8,113.4,200.1,94.7,0
P0652,48,Male,North,25.1,139.0,189.8,105.0,0
P0653,73,Male,East,24.2,127.7,216.1,88.7,1
P0654,,Female,North,24.4,99.3,,86.7,0
P0655,,Male,South,,115.2,196.8,77.7,0
P0656,54,Female,West,21.1,221.0,206.3,105.9,1
P0657,38,Female,South,27.1,120.1,138.1,96.4,0
P0658,52,Male,West,23.9,131.4,,82.8,0
P0659,67,,West,31.9,130.0,392.2,101.0,1
P0660,45,Female,West,23.9,107.5,,96.0,0
P0661,26,Female,North,19.6,109.3,46.2,332.7,0
P0662,50,Male,West,28.3,111.4,212.8,88.9,0
P0663,37,Female,North,25.6,101.6,236.6,82.1,0
P0664,45,Female,South,26.3,98.4,132.7,96.4,0
P0665,49,Female,,28.1,103.1,235.7,275.8,0
P0666,26,Female,East,,94.9,92.6,77.3,0
P0667,27,Female,,22.4,94.3,199.3,68.8,0
P0668,57,Male,South,23.7,119.3,90.2,93.1,0
P0669,43,Female,West,19.1,97.1,113.0,82.6,0
P0670,18,Male,East,21.5,72.7,179.1,78.2,0
P0671,61,Female,,29.2,112.8,84.5,100.8,1
P0672,54,Male,West,25.0,112.2,202.6,101.8,1
P0673,40,Male,North,18.8,101.1,192.9,92.2,0
P0674,32,Female,North,17.7,116.5,158.9,87.7,0
P0675,62,Male,East,30.4,118.0,151.6,96.9,0
P0676,55,Female,West,23.9,123.8,211.1,85.1,0
P0677,83,Male,North,63.4,125.1,256.9,84.5,1
P0678,56,Female,North,23.3,115.4,223.2,84.4,0
P0679,55,Female,North,19.1,104.5,130.2,87.3,0
P0680,48,Male,West,28.9,116.9,151.0,86.0,1
P0681,61,Female,North,23.2,110.5,170.7,,0
P0682,59,Male,South,29.2,123.1,155.9,86.5,1
P0683,68,Female,West,25.1,119.2,202.1,75.7,0
P0684,43,Female,North,28.7,107.0,201.2,104.1,1
P0685,44,Female,East,24.6,121.5,145.9,84.7,0
P0686,43,Male,South,26.6,117.7,,82.2,1
P0687,61,Male,West,27.1,116.5,215.9,83.1,0
P0688,71,Female,South,27.2,125.4,189.9,103.5,0
P0689,44,Female,South,24.9,112.1,,107.2,1
P0690,44,Male,North,22.9,103.4,,83.8,0
P0691,54,Male,East,30.9,121.8,74.9,96.1,0
P0692,47,Male,East,20.7,104.9,183.2,99.9,0
P0693,,Female,North,24.7,110.8,202.1,72.5,0
P0694,18,Male,South,22.5,87.2,178.4,,0
P0695,38,Male,West,24.8,107.4,94.2,118.7,0
P0696,39,Female,,21.9,113.8,172.3,54.3,0
P0697,18,Male,North,23.5,96.3,177.0,296.2,0
P0698,37,Female,East,22.8,131.3,207.6,78.5,0
P0699,37,Male,South,17.8,112.7,170.9,79.0,1
P0700,47,Female,,23.9,124.8,195.8,85.3,0
P0701,66,Female,South,20.9,124.5,189.5,,1
P0702,47,Female,North,17.8,124.8,161.4,,0
P0703,36,Male,South,23.8,102.0,194.8,77.0,0
P0704,49,Female,East,25.7,92.1,174.6,90.4,0
P0705,65,Female,East,26.6,117.5,211.7,102.8,1
P0706,36,Male,North,25.3,115.4,182.7,75.3,0
P0707,37,Male,West,16.6,105.1,163.6,61.2,0
P0708,58,Male,North,19.6,116.0,179.2,,0
P0709,47,Female,East,,130.4,180.9,89.4,0
P0710,59,Female,South,20.8,118.2,144.3,87.9,0
P0711,50,Female,East,26.1,123.1,,88.4,1
P0712,60,Female,North,22.1,107.7,199.0,97.7,0
P0713,36,Female,North,23.6,99.1,203.7,,1
P0714,50,Male,South,21.8,127.0,171.3,95.7,1
P0715,47,Male,North,25.8,115.5,,74.0,0
P0716,33,Female,North,23.6,102.3,,70.6,0
P0717,28,Male,East,21.3,98.8,147.9,79.1,0
P0718,60,Female,West,20.8,109.3,163.2,86.6,1
P0719,45,Female,North,24.7,106.6,,70.0,0
P0720,36,Male,West,19.1,93.8,217.4,93.1,0
P0721,49,Female,East,25.4,101.5,,382.3,0
P0722,66,Male,West,34.0,126.0,227.2,122.1,1
P0723,18,Female,East,27.1,100.2,405.4,109.6,1
P0724,29,Female,East,25.5,118.0,228.7,85.3,1
P0725,37,Female,South,23.1,111.5,170.0,,0
P0726,70,Male,East,18.2,119.0,,74.4,0
P0727,54,Male,West,19.6,105.4,226.1,,1
P0728,61,Male,North,29.0,121.0,,,1
P0729,34,Male,South,20.4,109.0,236.6,71.2,0
P0730,34,Male,North,20.8,112.4,182.3,81.1,1
P0731,56,Male,West,23.7,115.2,180.9,,0
P0732,51,Female,South,20.3,121.3,167.9,83.6,1
P0733,58,Male,East,61.3,114.0,137.2,100.1,0
P0734,47,Male,West,23.7,120.0,,80.6,0
P0735,54,Female,West,21.1,108.9,219.7,109.7,0
P0736,52,Female,North,21.5,96.6,203.8,,0
P0737,61,Female,East,21.8,227.5,193.3,110.4,1
P0738,61,Female,West,26.4,126.5,170.4,83.4,1
P0739,27,Female,North,22.0,109.8,179.0,84.4,0
P0740,19,Female,East,21.8,105.4,,76.7,0
P0741,64,Female,South,26.8,118.2,212.6,,1
P0742,,Female,East,24.4,113.2,204.1,104.4,1
P0743,36,Male,,22.3,112.9,156.1,104.5,0
P0744,24,Male,North,24.3,109.2,197.9,100.4,1
P0745,51,Male,North,26.4,111.4,104.6,88.7,0
P0746,63,Male,North,24.1,128.8,207.5,95.9,0
P0747,75,Female,,25.5,116.2,277.6,88.1,1
P0748,57,,East,21.6,109.5,80.0,78.1,0
P0749,45,Male,South,20.7,124.6,175.1,73.0,1
P0750,37,Male,North,26.0,119.1,183.2,85.2,1
P0751,50,Female,East,25.6,112.2,177.7,95.6,0
P0752,46,Male,East,25.4,116.5,217.1,68.7,0
P0753,36,Female,South,24.3,110.9,194.0,87.9,0
P0754,79,Female,,25.6,100.9,212.4,116.6,1
P0755,75,Male,South,27.7,117.7,230.5,,0
P0756,66,Female,West,28.1,122.6,370.6,91.3,1
P0757,37,Male,North,26.5,108.5,,74.2,0
P0758,62,Male,East,55.9,120.8,200.5,99.2,0
P0759,59,Female,West,29.3,131.8,206.0,70.3,0
P0760,56,Female,West,25.1,114.3,145.8,106.6,0
P0761,67,Male,East,27.1,113.1,187.5,94.9,0
P0762,59,Female,East,,121.4,228.1,116.2,1
P0763,60,Male,South,25.4,115.9,159.0,73.6,0
P0764,59,,East,21.9,114.2,131.2,101.7,0
P0765,55,Female,East,26.7,115.5,196.0,93.5,0
P0766,,,West,32.7,132.6,222.6,90.7,1
P0767,51,Female,South,22.7,93.4,189.1,73.5,0
P0768,42,Male,North,23.8,107.8,174.4,96.4,1
P0769,32,Female,,21.5,105.9,,93.1,0
P0770,74,Female,North,23.5,115.2,215.3,116.7,0
P0771,74,Female,North,30.6,136.0,229.6,114.5,0
P0772,69,Male,South,22.6,127.0,148.6,,0
P0773,54,Male,East,22.5,114.0,221.2,78.3,0
P0774,69,Male,North,19.4,114.7,369.2,73.8,1
P0775,50,Male,North,21.3,111.1,217.3,106.0,0
P0776,53,Male,North,,109.6,199.9,76.4,0
P0777,35,Male,West,25.5,109.4,199.9,107.2,0
P0778,56,Female,East,34.1,122.7,,108.6,1
P0779,51,Male,North,22.8,115.8,,93.9,0
P0780,32,Female,North,17.3,109.3,119.0,77.0,0
P0781,49,Female,East,27.1,105.3,149.9,101.8,0
P0782,49,Female,,21.4,102.3,164.5,88.0,0
P0783,75,Male,East,29.8,111.9,207.1,97.4,1
P0784,63,Male,South,23.7,126.3,207.1,101.6,1
P0785,50,Female,West,21.8,114.7,195.2,87.1,1
P0786,53,Female,North,23.5,119.4,221.3,81.5,0
P0787,51,Male,East,26.7,103.8,224.8,101.1,1
P0788,47,Female,North,23.1,128.5,161.4,88.7,0
P0789,35,Female,West,21.5,235.6,183.5,91.4,1
P0790,48,Female,West,23.2,114.4,162.9,84.4,0
P0791,40,Male,East,19.0,114.4,171.6,69.5,0
P0792,32,Male,South,24.5,99.4,187.6,108.7,0
P0793,57,Male,North,18.1,107.0,,105.1,0
P0794,55,Female,West,,116.5,257.7,101.3,1
P0795,25,Male,East,25.4,132.3,191.3,82.8,1
P0796,48,Male,North,25.0,117.0,172.1,88.0,0
P0797,64,Female,South,26.8,135.8,254.5,113.2,1
P0798,65,Male,South,24.5,130.7,188.7,90.3,1
P0799,64,Male,,28.8,126.2,206.7,91.0,0
P0800,51,Male,East,27.3,108.3,179.7,117.0,0
P0801,38,Male,East,25.0,120.3,229.0,89.0,0
P0802,35,Male,East,26.5,97.5,179.9,111.7,1
P0803,55,Male,North,26.9,132.7,199.4,78.1,0
P0804,55,Female,South,22.7,116.7,224.0,96.9,1
P0805,68,Female,North,20.2,93.6,211.4,115.6,1
P0806,65,Male,East,26.2,118.2,198.9,96.6,0
P0807,48,Female,South,25.8,120.8,220.9,89.2,0
P0808,33,Male,South,27.0,108.5,253.2,76.6,0
P0809,46,Female,North,,116.5,191.1,99.7,0
P0810,53,Male,North,53.1,105.2,190.2,79.3,1
P0811,47,Female,East,25.5,102.6,193.5,90.7,0
P0812,42,Male,North,23.4,110.2,219.9,73.9,0
P0813,54,Female,North,17.6,110.8,166.7,104.1,0
P0814,43,Male,East,25.0,109.4,178.0,104.4,1
P0815,41,Female,South,17.1,116.5,132.0,81.9,0
P0816,54,Male,South,20.9,105.5,154.3,74.8,0
P0817,44,Female,South,28.4,118.5,176.0,294.2,1
P0818,53,Male,West,30.5,121.1,196.9,93.7,1
P0819,54,Female,South,19.9,98.3,235.9,74.5,0
P0820,34,Female,East,22.0,95.2,191.9,,0
P0821,43,Female,West,23.8,111.7,158.8,81.6,0
P0822,70,,East,31.2,144.8,189.1,84.8,0
P0823,34,Male,South,21.5,111.8,214.7,,0
P0824,20,Male,,20.8,85.6,198.5,90.8,0
P0825,24,Male,South,28.1,80.4,178.9,85.4,0
P0826,,Female,South,22.7,119.7,174.8,94.0,1
P0827,50,Female,South,26.5,115.4,223.3,84.8,0
P0828,48,Female,,18.7,119.6,153.5,86.1,0
P0829,67,Female,North,24.3,112.4,210.3,117.7,1
P0830,18,Female,,16.6,100.2,73.6,73.0,1
P0831,56,Female,North,20.6,121.2,194.1,93.4,0
P0832,72,Female,South,28.0,121.1,185.1,80.7,0
P0833,34,Male,East,23.0,104.0,,105.1,0
P0834,45,Female,West,22.6,111.6,171.0,82.9,0
P0835,39,Female,North,20.8,112.7,139.4,98.2,0
P0836,37,Male,East,22.6,108.4,198.9,,0
P0837,45,Male,South,24.8,121.9,218.1,98.1,1
P0838,70,Female,North,28.4,120.6,197.4,107.5,0
P0839,,,North,16.1,105.0,184.4,82.9,0
P0840,45,Female,North,,127.7,155.1,99.9,0
P0841,77,,North,25.9,119.7,203.1,89.2,0
P0842,50,Male,North,23.7,108.8,172.6,100.0,1
P0843,75,Male,South,26.7,124.5,178.7,94.0,0
P0844,49,Female,South,,115.2,390.0,95.9,0
P0845,52,Female,North,23.0,110.6,201.9,84.9,0
P0846,55,,North,22.4,114.5,205.9,91.0,0
P0847,90,Female,,25.1,128.8,238.9,,1
P0848,62,Male,South,28.6,123.7,223.1,101.0,0
P0849,40,,South,20.9,87.0,167.6,,0
P0850,64,,South,,136.4,,87.8,0
P0851,45,Male,North,24.4,111.4,178.7,89.7,1
P0852,43,Male,,29.1,121.1,203.0,96.3,1
P0853,63,Male,West,23.6,106.0,205.7,85.8,1
P0854,50,Female,North,27.4,112.6,182.1,92.8,0
P0855,54,Male,North,28.5,113.2,,,1
P0856,50,Male,North,23.8,127.2,192.6,118.9,0
P0857,55,Female,West,23.5,110.3,185.5,104.2,0
P0858,56,Female,East,23.1,122.4,138.4,94.6,0
P0859,23,Male,East,,97.1,184.1,97.4,0
P0860,59,Male,West,27.4,116.0,225.4,72.5,1
P0861,36,Male,North,24.1,107.2,251.3,57.6,0
P0862,30,Female,,23.8,118.6,165.6,82.0,0
P0863,49,Male,North,20.0,93.7,168.3,70.3,0
P0864,51,Male,,20.7,100.0,154.3,,0
P0865,40,Male,South,31.0,98.8,197.0,98.5,0
P0866,62,Female,South,24.0,108.6,201.6,104.4,0
P0867,31,Male,West,20.3,97.3,150.3,69.9,0
P0868,44,Female,North,53.2,101.3,186.0,99.3,0
P0869,42,Male,West,24.6,105.3,129.3,90.2,0
P0870,49,Female,South,26.0,216.0,216.5,,0
P0871,54,Male,East,23.7,106.2,169.3,85.3,1
P0872,36,,West,,118.7,177.3,103.0,1
P0873,60,Male,North,23.9,121.3,154.7,91.7,0
P0874,51,Female,West,19.2,112.4,167.3,107.7,0
P0875,24,Female,East,22.4,94.8,163.4,74.7,0
P0876,23,Male,East,23.7,258.5,171.9,94.2,0
P0877,,,North,12.0,109.1,210.0,96.8,1
P0878,47,Female,South,24.2,112.9,227.5,86.6,1
P0879,49,Female,East,52.4,115.3,199.1,90.4,0
P0880,50,Male,South,23.7,122.1,215.3,87.1,1
P0881,,,North,33.7,128.7,,69.4,1
P0882,63,Female,North,27.7,115.1,217.0,60.5,0
P0883,34,Female,West,20.4,105.9,173.8,99.4,0
P0884,34,Female,,25.3,106.7,209.0,103.8,0
P0885,35,Female,East,20.7,104.5,205.8,107.3,0
P0886,54,Male,West,19.5,130.3,203.9,87.1,0
P0887,67,Male,North,23.6,104.0,157.8,78.5,0
P0888,44,Male,North,24.0,110.0,161.7,84.8,0
P0889,18,Male,East,16.0,107.5,152.3,76.7,0
P0890,26,Male,North,18.8,88.4,190.0,68.9,0
P0891,38,Male,East,23.4,256.9,180.3,107.8,1
P0892,42,Male,East,22.2,105.2,213.6,114.4,0
P0893,44,Female,East,25.1,111.0,223.3,,0
P0894,51,Male,South,19.8,96.8,217.9,,0
P0895,46,Male,East,26.3,120.0,222.9,77.0,1
P0896,65,Female,East,20.6,122.7,164.7,109.2,0
P0897,41,Female,North,29.3,119.9,203.3,,1
P0898,38,Female,East,17.4,96.9,156.7,78.5,0
P0899,57,Female,West,20.5,114.6,142.7,94.7,0
P0900,29,Female,East,61.8,99.1,168.6,80.2,0
P0901,55,Male,South,30.1,117.8,236.2,99.8,0
P0902,51,Male,South,25.2,134.9,203.7,75.0,1
P0903,48,Female,North,25.9,115.9,246.3,105.5,0
P0904,72,Male,North,25.2,112.1,208.4,,0
P0905,41,Male,North,20.0,256.4,247.1,99.1,0
P0906,79,Male,West,23.7,112.0,210.9,94.1,0
P0907,47,Male,North,19.6,98.8,182.4,84.4,0
P0908,32,Male,West,18.6,94.2,135.7,67.5,0
P0909,,Male,North,25.5,111.7,222.2,101.8,0
P0910,35,Female,,19.3,113.6,160.1,72.8,0
P0911,39,Female,South,24.6,116.0,,83.5,0
P0912,,Male,South,19.7,117.6,223.2,88.0,0
P0913,58,Female,East,25.4,108.3,227.8,95.5,0
P0914,41,Male,West,21.8,104.4,212.5,66.6,0
P0915,64,Female,West,29.6,126.0,193.8,96.7,0
P0916,66,Female,North,25.9,115.7,199.3,105.7,0
P0917,70,Male,East,29.3,123.0,205.5,95.8,1
P0918,57,Female,,21.7,118.8,212.2,87.4,1
P0919,69,Female,West,25.1,118.6,245.1,97.9,1
P0920,24,Female,South,19.3,103.3,177.8,79.6,0
P0921,46,,South,22.4,125.8,399.7,76.2,0
P0922,38,Female,North,22.5,107.2,204.9,86.6,1
P0923,52,,,21.6,123.6,180.5,100.9,1
P0924,42,Female,North,19.3,112.7,201.6,,0
P0925,48,Female,West,19.0,96.3,229.3,81.1,1
P0926,76,Female,East,17.1,107.9,252.1,,0
P0927,48,Male,West,20.2,103.0,,,0
P0928,56,Female,North,26.5,110.6,196.1,,0
P0929,47,Male,East,18.3,107.7,174.0,,0
P0930,51,Female,,19.3,116.3,440.4,87.6,0
P0931,50,Male,South,30.3,130.5,,82.8,0
P0932,56,Female,South,22.1,117.5,202.2,77.9,0
P0933,66,Female,North,,117.3,,78.6,1
P0934,,Male,East,27.4,106.2,208.1,86.2,1
P0935,54,Male,North,26.5,118.3,185.0,110.6,0
P0936,58,Male,South,19.1,113.3,183.1,78.9,0
P0937,34,Female,East,22.4,109.0,181.1,91.8,0
P0938,49,Female,North,18.3,240.0,229.5,75.1,0
P0939,63,Male,West,,137.3,200.9,111.9,1
P0940,,Male,South,19.0,121.5,191.5,76.1,0
P0941,53,Male,West,20.5,103.8,162.1,88.6,1
P0942,62,Male,East,21.0,111.3,212.4,91.0,0
P0943,57,Female,East,19.1,111.9,225.4,115.4,0
P0944,67,Female,East,29.6,117.6,,107.5,1
P0945,54,Male,West,32.7,127.0,207.3,93.4,1
P0946,45,,East,22.1,206.3,199.6,96.3,1
P0947,55,Male,North,19.6,102.7,182.3,113.3,0
P0948,18,Female,North,16.0,107.4,174.8,57.0,0
P0949,,Male,East,23.4,116.4,199.9,81.3,1
P0950,18,Female,North,21.3,85.3,168.0,79.0,0
P0951,26,Female,North,20.5,102.6,174.1,77.7,1
P0952,56,Male,North,,119.7,206.3,,0
P0953,57,Female,South,25.7,126.8,186.8,264.0,1
P0954,34,Female,North,24.3,105.8,172.8,105.0,0
P0955,,Male,East,22.4,116.9,228.7,70.3,0
P0956,69,Male,East,21.1,120.2,272.6,,0
P0957,43,Female,West,26.0,101.5,153.3,104.1,0
P0958,81,Male,South,25.6,113.6,174.0,98.4,1
P0959,50,Male,South,27.1,126.8,165.7,82.4,0
P0960,56,Male,East,11.7,129.5,193.2,79.1,0
P0961,73,Female,South,20.2,122.1,223.1,89.0,0
P0962,52,Male,East,19.1,124.4,200.7,77.4,1
P0963,36,Male,North,20.7,257.9,181.2,,0
P0964,48,Female,West,20.2,116.6,197.9,70.0,0
P0965,50,Female,North,,108.1,172.6,103.4,0
P0966,31,Female,West,24.3,123.4,170.9,88.9,0
P0967,46,Male,East,27.6,120.5,,96.1,1
P0968,40,Female,North,50.9,107.9,139.5,107.2,0
P0969,63,Female,East,25.4,113.8,165.7,89.7,0
P0970,50,Male,North,28.2,119.9,162.4,86.5,0
P0971,46,Female,East,25.4,98.9,209.5,85.1,1
P0972,49,Male,East,24.2,120.3,195.3,88.7,0
P0973,53,Male,North,29.3,110.9,214.1,95.8,0
P0974,59,Male,North,24.9,121.4,,83.7,0
P0975,36,Female,East,22.2,103.2,136.7,62.2,0
P0976,35,Male,North,20.3,103.6,,77.6,0
P0977,65,Male,West,27.2,115.2,123.8,101.5,1
P0978,44,Male,East,28.0,113.9,,95.5,0
P0979,30,Male,East,22.8,123.3,419.9,100.2,0
P0980,56,Male,North,28.9,132.7,221.9,120.5,1
P0981,56,Female,East,17.4,114.2,159.6,,0
P0982,29,Male,West,22.8,105.6,204.1,102.1,0
P0983,53,Male,North,24.0,122.9,280.4,100.8,1
P0984,60,Female,South,22.0,210.1,128.7,111.5,0
P0985,55,Male,North,32.6,115.4,221.6,122.8,1
P0986,59,Female,South,24.2,116.8,143.8,104.4,0
P0987,30,,East,21.6,88.9,185.8,93.0,0
P0988,55,Male,South,24.3,126.3,186.4,89.9,0
P0989,46,Male,East,16.8,125.6,181.4,,0
P0990,43,Male,South,21.0,110.1,155.5,82.5,0
P0991,62,Male,North,28.0,102.5,222.7,104.9,1
P0992,71,Female,North,22.8,126.1,159.5,85.4,0
P0993,75,Male,West,,113.5,236.6,92.1,1
P0994,68,,East,29.5,118.9,194.7,71.8,1
P0995,48,Female,South,28.6,122.8,153.8,115.9,0
P0996,55,Male,East,26.1,119.9,238.9,91.4,1
P0997,61,Male,,23.0,112.8,,97.6,1
P0998,52,Male,North,23.3,108.5,242.5,108.2,1
P0999,,Male,North,21.3,113.9,,92.3,1
P1000,62,Male,West,21.1,112.4,170.2,107.9,1
